Pseudociencia,Palabra,Frecuencia
Acupuntura,Most,345
Acupuntura,significant,72
Acupuntura,Cultural,60
Acupuntura,Superior,42
Acupuntura,good,279
Acupuntura,offers,107
Acupuntura,hahahaha,45
Acupuntura,Treatments,43
Acupuntura,most,1104
Acupuntura,super,72
Acupuntura,attentive,1775
Acupuntura,what's more,59
Acupuntura,main,69
Acupuntura,??,69
Acupuntura,important,106
Acupuntura,fast,91
Acupuntura,newly,61
Acupuntura,really,104
astrologia,funny,"32,"
astrologia,,","
astrologia,many,"517,"
astrologia,,","
astrologia,fast,"55,"
astrologia,,","
astrologia,top,"150,"
astrologia,,","
astrologia,TRUE.,"45,"
astrologia,,","
astrologia,good ones,"93,"
astrologia,,","
astrologia,real,""",171,"
astrologia,,","
astrologia,much,"585,"
astrologia,,","
astrologia,Full,"33,"
astrologia,,","
astrologia,full,"38,"
Biodescodificacion,much,60
Biodescodificacion,Many,37
Biodescodificacion,good.,32
Biodescodificacion,highly strung:,56
bioneuroemocion,Many,189
bioneuroemocion,#Happy Saturday for all,536
bioneuroemocion,really,75
bioneuroemocion,True,290
bioneuroemocion,Superior,34
bioneuroemocion,popular,31
bioneuroemocion,Enjoying,108
bioneuroemocion,We fall in love,""",158"
bioneuroemocion,gets better,158
bioneuroemocion,to mature,140
bioneuroemocion,incredible,33
bioneuroemocion,real,109
coaching,most,911
coaching,love,1031
coaching,pretty,294
coaching,best,2926
coaching,honestly,82
coaching,young,480
coaching,free,686
coaching,Most,118
coaching,near,89
coaching,success.,132
coaching,thanks,389
coaching,First,173
coaching,winning,432
coaching,kind,195
coaching,easy,167
coaching,Many,64
coaching,effective,92
coaching,whole,439
coaching,happy,334
coaching,Excellent,32
coaching,ready,309
coaching,exactly,156
coaching,wants,250
coaching,BEST,85
coaching,special,506
coaching,becoming,89
coaching,important,263
coaching,good,2039
coaching,main,80
coaching,excellent,96
coaching,sure,567
coaching,early,214
coaching,Live,66
coaching,Social,33
coaching,excited,349
coaching,Super,152
coaching,true.,33
coaching,clearly,169
coaching,talented,140
coaching,impressive,41
coaching,proud,416
coaching,funny,80
coaching,fantastic,79
coaching,enjoyed,82
coaching,More,208
coaching,lucky,104
coaching,powerful,38
coaching,Successful,35
coaching,wonderful,104
coaching,very much,33
coaching,favorite,159
coaching,real,368
constelaciones familiares,wild,77
constelaciones familiares,good,406
constelaciones familiares,Own,41
constelaciones familiares,many,140
constelaciones familiares,#Stoppseudociencias,62
constelaciones familiares,familiar,""",77"
constelaciones familiares,interested,106
constelaciones familiares,How much,38
constelaciones familiares,concrete,72
constelaciones familiares,Many,114
constelaciones familiares,super,96
constelaciones familiares,new,30
constelaciones familiares,strong,47
constelaciones familiares,fascinating,65
constelaciones familiares,success,90
constelaciones familiares,many different,74
constelaciones familiares,evident),84
Desarrollo psicosexual,many different,33
dianetica,highly strung:,56
flores de bach,much,340
flores de bach,good,124
flores de bach,good,""",47"
flores de bach,most,""",129"
flores de bach,important,58
flores de bach,social,91
flores de bach,many,43
flores de bach,Available,35
flores de bach,right,32
grafologia,??#Live,76
grafologia,interesting,1177
grafologia,much,120
grafologia,vocational,""",273"
grafologia,Lively,35
grafologia,first,50
homeopatia,able,36
homeopatia,absolutely,160
homeopatia,best,66
homeopatia,better.,56
homeopatia,certain,""",50"
homeopatia,clear,42
homeopatia,completely,56
homeopatia,distinct,38
homeopatia,economic,""",75"
homeopatia,educational,45
homeopatia,effective,48
homeopatia,exactly,31
homeopatia,familiar,""",110"
homeopatia,first,45
homeopatia,first aid kit,33
homeopatia,frequent,100
homeopatia,general,65
homeopatia,good,96
homeopatia,good,""",126"
homeopatia,hahahaha,51
homeopatia,highly strung:,56
homeopatia,how much,118
homeopatia,intelligent),""",80"
homeopatia,LOL,43
homeopatia,magical,71
homeopatia,many,1934
homeopatia,married,432
homeopatia,Most,71
homeopatia,most.,70
homeopatia,much,391
homeopatia,natural,""",68"
homeopatia,own,36
homeopatia,perfectly,30
homeopatia,pregnant.,35
homeopatia,Professional.,33
homeopatia,real,61
homeopatia,right,41
homeopatia,Safe,39
homeopatia,so much,77
homeopatia,spontaneous,37
homeopatia,superior,51
homeopatia,top,943
homeopatia,TRUE,""",39"
homeopatia,wants,205
homeopatia,will win,70
homeopatia,YEARS OLD,35
Logoterapia,interesting,45
Logoterapia,much,30
Logoterapia,Social,""",36"
Logoterapia,better,30
Numerologia,lucky,525
Numerologia,Good,30
Numerologia,Good,34
Numerologia,New,47
Numerologia,absolutely,43
Numerologia,Apparently,45
Numerologia,best,184
Numerologia,brave,32
Numerologia,clear,62
Numerologia,complete,65
Numerologia,concrete,""",120"
Numerologia,economic,41
Numerologia,excellent,43
Numerologia,first,45
Numerologia,first,32
Numerologia,#PonientodeModalafelicidad,47
Numerologia,funny.,222
Numerologia,good,128
Numerologia,good ones,106
Numerologia,hahahaha,46
Numerologia,how much,61
Numerologia,important,2466
Numerologia,incredible,36
Numerologia,Live,45
Numerologia,LOL,39
Numerologia,Magic spell.,40
Numerologia,Magical,424
Numerologia,Many,121
Numerologia,many,34
Numerologia,more.,36
Numerologia,much,487
Numerologia,new,39
Numerologia,A,47
Numerologia,own,38
Numerologia,New,47
Numerologia,PERFECT,51
Numerologia,powerful,""",32"
Numerologia,real.,30
Numerologia,Right,83
Numerologia,sexual,75
Numerologia,so much,86
Numerologia,STRAIGHT,35
Numerologia,super,2350
Numerologia,top,64
Numerologia,unusual:,35
Numerologia,wants,79
Numerologia,win!,37
Numerologia,years old,""",4700"
Parapsicologia,secure,36
Parapsicologia,better,128
Parapsicologia,more:,30
Parapsicologia,most,46
Parapsicologia,Many,67
Parapsicologia,important,41
Parapsicologia,extraordinary,45
Parapsicologia,General,257
Programacion neurolinguistica,many different,69
Programacion neurolinguistica,main,44
Programacion neurolinguistica,good ones,32
Psicoanalisis,better,2338
Psicoanalisis,completely,64
Psicoanalisis,first,386
Psicoanalisis,general?,87
Psicoanalisis,important,313
Psicoanalisis,main,72
Psicoanalisis,much,1370
Psicoanalisis,own,186
Psicoanalisis,to live,190
Psicomagia,Cultural,33
Psicomagia,Street,33
Rebirthing,??NEW,187
Rebirthing,beautiful,39
Rebirthing,better,44
Rebirthing,excited,275
Rebirthing,first,75
Rebirthing,great,65
Rebirthing,honest,30
Rebirthing,light,55
Rebirthing,lovely,35
Rebirthing,Many,54
Rebirthing,most,77
Rebirthing,new,""",60"
Rebirthing,pretty,33
Rebirthing,real,37
Rebirthing,right,147
Rebirthing,sure,42
Rebirthing,true,52
Rebirthing,wants,217
Rebirthing,Bray,208
Rebirthing,young,52
Reiki,#happiness,96
Reiki,?????????????([??]_*???*)_???,30
Reiki,Available,67
Reiki,beautiful,155
Reiki,better,173
Reiki,complete,106
Reiki,enjoy,95
Reiki,experienced,38
Reiki,FREE,200
Reiki,Good,105
Reiki,high,49
Reiki,interested,123
Reiki,Live,105
Reiki,love,484
Reiki,many,288
Reiki,most,160
Reiki,much,192
Reiki,powerful,104
Reiki,right,158
Reiki,sure,87
Reiki,very,221
Reiki,Nikita,81
Reiki,whole,59
remedios caseros,authentic,1190
remedios caseros,better,""",37"
remedios caseros,certain,""",33"
remedios caseros,clean up,140
remedios caseros,effective,148
remedios caseros,far,36
remedios caseros,free,104
remedios caseros,good,32
remedios caseros,good ones,1337
remedios caseros,hot,86
remedios caseros,LOL,43
remedios caseros,Many,221
remedios caseros,many different,32
remedios caseros,Natural,193
remedios caseros,natural,""",35"
remedios caseros,old age,34
remedios caseros,promising,53
remedios caseros,really,1211
remedios caseros,so many,31
remedios caseros,Straight,124
remedios caseros,to calm,57
remedios caseros,TRUE?,34
sanacion pranica,general.,0.05000000000000002
sanacion pranica,clean up,0.3666666666666667
terapia gestalt,#Positive attitude,54
terapia gestalt,interested,80
terapia gestalt,most,57
terapia gestalt,professional,60
terapia gestalt,social!,172
Terapias de conversacion,good,43
Terapias de conversacion,so many,143
