Text,30
Think,34
funny,32
When,395
people,250
They speak,38
astrology,8106
as,4267
is,77
Astrology,1668
You,92
you see,60
you,354
to use,77
That,350
for,11570
help,77
other,80
@DiazLsd1990,110
Did they know,89
mayor,588
stimulus,89
which,197
math,133
They started,89
take,101
serious,181
West,91
fines,99
Age,95
Media,93
it was...,89
astrology???,92
"astrology,",1338
"horoscope,",92
"lua,",32
planets,403
"people,",33
always,324
looks,227
literally,150
luna,472
full,147
domingo,190
They say,236
lie,91
pseudoscience,128
so,121
all,428
signs,1281
that,553
@WaldoCasal,9468
??#Aries:,260
Clave,1710
all,3694
interior.,137
#Astrology,12846
#Gemini,933
diez,94
times,330
Same,571
important,498
#Horoscope,775
#Preddictions,789
#FelizMartes.,323
??????,3654
Can I,235
any,299
persona,280
crea,174
astrology.,1089
astrology,15195
realm,34
life,1733
Explanation,167
why,1355
no one,159
They believe,694
@alfonsoleon10,363
MArts,71
October.,274
Luna,1620
Tauro,342
that,304
you should,583
give him,134
form,1047
#Astrology,1141
talking,1432
hour,231
pedo,39
We will feel,50
stability,36
all,944
aspects,199
our,487
@florari,31
#Mercurio,285
it is,1592
#Libra,366
speak,352
buena,207
Follow,226
#HylodeeastRariadna,33
#astrology,4399
#astros,238
#astrology,2736
#energy,35
#Aries,552
to weigh,122
gift,274
when,1184
we're,544
space,116
"amor,",144
place,161
#Horoscopodelasemane,762
#Decretosositive,577
To be,51
I had,48
era,78
medium,128
beginning,437
other,272
gracias,103
banda,111
example,31
now,483
mercurio,97
retrograde,802
I've got,580
"astrology,",2391
I started,40
have,972
personas,997
same,66
bill,858
many,517
stuff,2072
people,1920
virgo,131
have,1896
so much,96
ends,42
super,84
fast,55
quite,264
#luna,237
will be,1648
#Tauras,1101
next,1164
days.,1105
Energy,2126
lunar,624
connects,34
"tierra,",36
calm,106
It will be,421
good,609
time,1158
"analyze,",96
evaluate,30
#Virgo,401
Forget,34
Never,405
mind,607
our,365
gran,1380
#Horoscope,1067
#Wellness,610
taste,448
dale,459
Follow us,444
It is,2051
top,150
astrological,263
part,328
astronomy,528
zodiac,140
according to,468
practice,33
speech,187
partner,133
Venus,175
Libra,167
trine,700
Saturn,195
towards,762
good,344
What,791
wear,106
equilibrium,77
worked,146
our,372
#Sagittarius,998
deja,915
fear,227
#Self esteem,502
Mercurio,345
opposition,62
Jupiter,139
perfect,140
to talk,33
cara,173
"cara,",37
we have,764
let,581
side,343
Scuchar,50
TRUE.,45
get,170
though,255
you know,229
"do,",91
professionals,137
Topaz,35
Imperial,35
is it so,316
help you.,42
request,37
information,169
about,2985
ours,165
consultations,59
WhatsApp,219
Here,50
questions,94
response.,53
#Videncia,128
#Tarot,219
#Rituals,120
#Altamagiablanca,81
What,289
Tip,62
#Signos,314
#psychology,98
#coach,91
#Emperade,105
#relationship,106
#Coadodia,50
#transformation,119
#Marciapperienza,134
#self knowledge,133
#MARCIASEMFILTRONEMEDIES,79
for the,226
most,1492
take,36
fogo,31
we will,178
map,569
astral,435
my,522
life.,567
book,71
Someone,52
sepa,93
energies,312
Explain,200
then,90
past,128
??#Sagittarius:,131
Connection,36
Resurgence,45
be reborn,32
"times,",69
all,1392
sean,210
piedras,989
other,52
study,128
techniques,43
trying,44
find,38
something,1020
shit,152
sign,2390
same,729
believe,971
Venus,39
now,264
here,224
completely,47
As,252
He can,30
??#Aquarium:,218
News,108
They expected.,85
can,1486
Uranus,118
Virgo,91
students,52
Astrology.,52
carta,810
exists,265
By,32
??#Tauro:,118
good ones,93
results,52
they will arrive,32
saber,752
but,3879
other,428
almost,137
anything,1748
tweets,69
I feel,142
They speak,392
speaks,219
would you like,71
Astral,205
start,122
file,387
Is,51
tests,30
astrologers,117
discipline,36
even,211
Well,67
"good,",39
false.,55
But,320
alchemy,51
biology,31
So?,56
therapy,83
deal with,34
expect,70
to look,56
I found,37
thing,436
relationship,52
later,142
"exists,",60
animal,44
numa,35
people,104
Aquarium,113
forever,959
we know,57
be,690
camino,163
How,420
it affects,62
zodiacal,192
#Lunallena,928
possible,398
learn,270
much,868
alma,132
ella,136
mira,64
through,234
meaning,38
remember,440
is,1609
lucha,47
interna,30
You lose,31
vista,158
after,340
"real,",171
also,721
years,337
since,741
said,104
someone,403
first,93
"turn,",33
does,789
then,146
they explain,33
mens,262
born,44
in between,1063
#Luna,2060
joined,451
amiga,154
some,110
Shit,63
days,644
week,2269
All,40
Aries,161
climate,40
sale,193
believer,69
to create,68
culture,184
TERMS,47
with me,36
come,74
it's?,61
check out,66
which,97
#Cancer,864
are,403
"here,",35
contra,266
Leave,102
Monday,39
thoughts,268
will be,76
to take,142
who,114
study,133
influence,92
astros,296
medicine,50
Horoscopes,86
person,231
also,295
taste,183
you,280
really,465
much,585
Is,474
to have,1227
better,518
We count,68
details,55
here,163
finished,56
fall,39
solo,683
am,449
some,124
none,62
she was,32
#Capricorn,418
"you feel,",35
"You were born,",41
firm,87
ante,472
can.,72
until,1160
I think,856
book,196
explain,184
put,377
theory,97
astrology?,254
Communicate,44
glamour.,44
I was,181
during,1230
summer,119
ability,87
2022,556
Pluto,73
Capricorn,109
movement,293
straight,33
themes,206
it works,201
YouTube,64
nobody,59
Full,33
solutions,203
clave,118
it will be,830
to decide,42
I get it,203
world,962
strength,64
#AlfonsoLeon,69
(Hour,53
Miami).,50
so much,459
"embargo,",63
ideas,202
new,156
trends,46
"are,",37
last,168
impassive,35
They affect,47
problems,222
belief,261
full,38
"Astrology,",123
"Tarot,",168
any less,353
"philosophy,",112
"psychology,",37
philosophy,37
level,123
per,242
For,857
hoy:,369
where,91
happiness,97
little bit,417
